{
    "C. ALCARAZ": 316.20000000000005,
    "D. MEDVEDEV": 374.61,
    "N. DJOKOVIC": 272.20000000000005,
    "C. RUUD": 276.47,
    "S. TSITSIPAS": 276.73,
    "H. RUNE": 276.12,
    "A. RUBLEV": 364.21999999999997,
    "J. SINNER": 320.76,
    "T. FRITZ": 219.13,
    "F. AUGER-ALIASSIME": 218.22,
    "F. TIAFOE": 213.82,
    "H. HURKACZ": 164.55,
    "C. NORRIE": 211.39,
    "B. CORIC": 201.86,
    "T. PAUL": 218.51999999999998,
    "L. MUSETTI": 205.26,
    "A. DE MINAUR": 111.52000000000001,
    "M. BERRETTINI": 211.08999999999997,
    "R. BAUTISTA AGUT": 161.28,
    "D. EVANS": 161.28,
    "N. KYRGIOS": 0,
    "J. STRUFF": 0,
    "A. ZVEREV": 145.78,
    "F. CERUNDOLO": 149.55,
    "S. KORDA": 161.28,
    "B. VAN DE ZANDSCHULP": 157.60000000000002,
    "D. SHAPOVALOV": 143.67000000000002,
    "Y. NISHIOKA": 145.78,
    "G. DIMITROV": 161.28,
    "M. RAONIC": 94.85,
    "A. DAVIDOVICH FOKINA": 94.85,
    "B. SHELTON": 146.47,
    "G. MONFILS": 0,
    "M. KECMANOVIC": 91.53999999999999,
    "B. ZAPATA MIRALLES": 155.49,
    "U. HUMBERT": 156.72,
    "T. GRIEKSPOOR": 157.6,
    "J. LEHECKA": 97.00999999999999,
    "A. MURRAY": 100.0,
    "M. CRESSY": 100.0,
    "E. RUUSUVUORI": 97.00999999999999,
    "S. BAEZ": 143.48,
    "L. SONEGO": 40.61,
    "T. ETCHEVERRY": 44.7,
    "A. MANNARINO": 106.67,
    "L. HARRIS": 100.0,
    "A. BUBLIK": 147.69,
    "J. WOLF": 98.78,
    "R. GASQUET": 97.69999999999999,
    "D. LAJOVIC": 100.0,
    "B. NAKASHIMA": 97.69999999999999,
    "M. YMER": 96.13,
    "N. JARRY": 101.38,
    "G. BARRERE": 46.08,
    "M. MCDONALD": 46.08,
    "L. DJERE": 46.08,
    "R. CARBALLES BAENA": 100.0,
    "Y. WU": 42.4,
    "C. MOUTET": 44.7,
    "A. KARATSEV": 104.37,
    "P. CACHIN": 42.4,
    "Y. HANFMANN": 42.4,
    "B. BONZI": 100.0,
    "A. RAMOS-VINOLAS": 42.4,
    "M. PURCELL": 42.4,
    "J. KUBLER": 46.27,
    "C. LESTIENNE": 100.0,
    "Z. ZHANG": 42.4,
    "J. THOMPSON": 44.7,
    "D. ALTMAIER": 100.0,
    "M. CECCHINATO": 44.7,
    "H. DELLIEN": 49.68,
    "M. GIRON": 92.72,
    "C. EUBANKS": 109.32,
    "G. PELLA": 49.07,
    "N. BORGES": 49.07,
    "J. MUNAR": 104.37,
    "A. RINDERKNECH": 110.1,
    "L. VAN ASSCHE": 44.7,
    "M. FUCSOVICS": 49.07,
    "M. HUESLER": 102.8,
    "A. POPYRIN": 100.0,
    "A. MOLCAN": 46.27,
    "A. SHEVCHENKO": 42.4,
    "C. O'CONNELL": 100.0,
    "I. IVASHKA": 96.32,
    "Q. HALYS": 42.4,
    "S. WAWRINKA": 49.07,
    "J. CHARDY": 42.4,
    "J. ISNER": 44.7,
    "D. GALAN": 49.07,
    "D. THIEM": 42.4,
    "F. KRAJINOVIC": 0,
    "D. SCHWARTZMAN": 49.07,
    "F. CORIA": 46.08,
    "J. VESELY": 42.4,
    "A. VUKIC": 42.4,
    "T. MONTEIRO": 39.75,
    "J. VARILLAS": 42.4,
    "R. SAFIULLIN": 42.4,
    "A. MULLER": 39.75,
    "D. KOEPFER": 109.24000000000001,
    "B. GOJO": 107.45,
    "J. CERUNDOLO": 49.69,
    "A. FILS": 49.85,
    "D. GOFFIN": 108.46000000000001,
    "S. OFNER": 49.07,
    "L. BROADY": 42.4,
    "J. CHOINSKI": 42.4,
    "R. PENISTON": 42.4,
    "A. FERY": 38.16,
    "G. LOFFHAGEN": 38.16,
    "G. BROUWER": 49.85,
    "Y. WATANUKI": 46.27,
    "K. COPPEJANS": 38.16,
    "D. STRICKER": 42.4,
    "S. SHIMABUKURO": 42.4,
    "M. ARNALDI": 42.4,
    "D. NOVAK": 49.85,
    "S. MOCHIZUKI": 38.16,
    "T. MACHAC": 38.16,
    "H. MEDJEDOVIC": 42.4,
    "T. DANIEL": 49.85,
    "O. OTTE": 40.61,
    "H. MAYOT": 49.07,
    "R. ALBOT": 50.0,
    "L. LOKOLI": 38.16,
    "T. BARRIOS VERA": 49.85,
    "F. MAROZSAN": 40.61,
    "E. COUACAUD": 49.85,
    "M. MARTERER": 42.4,
    "M. MMOH": 38.16
}