{
    "C. Alcaraz": 369.81,
    "N. Djokovic": 376.86999999999995,
    "D. Medvedev": 153.37,
    "H. Rune": 258.71999999999997,
    "C. Ruud": 307.56000000000006,
    "J. Sinner": 47.42,
    "S. Tsitsipas": 104.84,
    "A. Rublev": 47.98,
    "T. Fritz": 48.52,
    "F. Tiafoe": 157.49,
    "K. Khachanov": 109.22,
    "A. Zverev": 161.63,
    "A. de Minaur": 207.09,
    "T. Paul": 219.1,
    "F. Auger-Aliassime": 48.84,
    "C. Norrie": 158.39,
    "H. Hurkacz": 329.19,
    "L. Musetti": 101.36,
    "G. Dimitrov": 109.0,
    "F. Cerundolo": 150.26999999999998,
    "A. Davidovich Fokina": 153.02,
    "A. Mannarino": 206.90000000000003,
    "N. Jarry": 46.15,
    "T. Griekspoor": 211.07,
    "A. Bublik": 151.16,
    "D. Evans": 103.37,
    "B. Coric": 46.8,
    "C. Eubanks": 203.21999999999997,
    "U. Humbert": 103.38,
    "T. Martin Etcheverry": 0,
    "S. Korda": 46.44,
    "L. Djere": 99.27,
    "J. Lehecka": 96.37,
    "M. Berrettini": 45.5,
    "A. Murray": 252.89000000000001,
    "L. Sonego": 205.79,
    "M. McDonald": 204.21999999999997,
    "A. Popyrin": 152.66,
    "S. Baez": 248.56,
    "Y. Nishioka": 150.01,
    "J. Wolf": 100.64,
    "M. Kecmanovic": 260.61,
    "B. Shelton": 51.59,
    "M. Purcell": 105.33,
    "A. Fils": 45.49,
    "S. Wawrinka": 48.59,
    "J. Thompson": 152.74,
    "A. Vukic": 48.07,
    "D. Lajovic": 97.36,
    "D. Altmaier": 48.28,
    "Y. Hanfmann": 101.50999999999999,
    "B. van De Zandschulp": 0,
    "E. Ruusuvuori": 206.29000000000002,
    "R. Gasquet": 100.34,
    "M. Fucsovics": 102.53999999999999,
    "S. Ofner": 46.58,
    "G. Barrere": 155.32999999999998,
    "R. Safiullin": 99.59,
    "M. Arnaldi": 49.06,
    "M. Giron": 46.12,
    "R. Carballes Baena": 47.13,
    "L. Van Assche": 151.54,
    "P. Cachin": 97.58,
    "Z. Zhang": 42.86,
    "C. O'Connell": 43.82,
    "Q. Halys": 46.7,
    "D. Elahi Galan": 0,
    "C. Moutet": 47.74,
    "B. Nakashima": 47.89,
    "A. Rinderknech": 148.67000000000002,
    "J. Pablo Varillas": 0,
    "B. Zapata Miralles": 99.67,
    "A. Karatsev": 50.19,
    "T. Kokkinakis": 100.97,
    "D. Koepfer": 48.09,
    "N. Borges": 99.27000000000001,
    "D. Thiem": 48.48,
    "F. Marozsan": 50.28,
    "A. Shevchenko": 45.45,
    "A. Muller": 47.41,
    "J. Kubler": 90.1,
    "M. Huesler": 42.61,
    "Y. Watanuki": 46.83,
    "Y. Wu": 51.4,
    "A. Ramos-Vinolas": 100.28,
    "F. Diaz Acosta": 148.86,
    "M. Mmoh": 39.38,
    "T. Daniel": 42.93,
    "P. Kotov": 154.06,
    "H. Gaston": 151.55,
    "I. Ivashka": 99.13,
    "J. Manuel Cerundolo": 0,
    "B. Bonzi": 99.83,
    "C. Lestienne": 93.22,
    "S. Kwon": 48.96,
    "R. Albot": 92.7,
    "B. Gojo": 98.08000000000001,
    "M. Cecchinato": 45.55,
    "R. Hijikata": 42.37,
    "D. Schwartzman": 48.03,
    "A. Molcan": 42.7,
    "J. Draper": 50.0,
    "D. Stricker": 47.37,
    "T. Skatov": 46.96,
    "N. Moreno De Alboran": 42.11,
    "A. Michelsen": 49.22,
    "O. Virtanen": 104.28999999999999,
    "H. Dellien": 45.62,
    "E. Nava": 46.12,
    "J. Isner": 47.6,
    "S. Shimabukuro": 49.32,
    "G. Monfils": 104.39,
    "F. Meligeni Alves": 99.43,
    "T. Droguet": 44.21,
    "L. Harris": 46.97,
    "E. Couacaud": 107.89,
    "S. Johnson": 96.88999999999999,
    "J. Mensik": 46.33,
    "G. Pella": 96.33,
    "S. Travaglia": 40.48,
    "Z. Svajda": 46.52,
    "Y. Hsiou Hsu": 0,
    "M. Raonic": 43.9,
    "K. Nishikori": 46.49,
    "J. Vesely": 42.11,
    "E. Quinn": 45.19,
    "L. Tien": 44.23,
    "A. Balazs": 48.21
}